Arya Soman,Arya,soman.a@husky.neu.edu
Xiayuan Liu,Shane,liu.xiay@husky.neu.edu
Huiqi Zhou,Huiqi,zhou.huiq@husky.neu.edu
Wenchao Ma,Wenchao,ma.wench@husky.neu.edu
Qijun Xiang,,xiang.q@husky.neu.edu
Tingting Fu,Kathy,fu.tin@husky.neu.edu
Shan Zhao,sherry,zhao.sha@husky.neu.edu
Yusi Cheng,Justin,Cheng.yus@husky.neu.edu
Xinying Tian,Emily,tian.xiny@husky.neu.edu
Divya Sharma,Divya,sharma.divy@husky.neu.edu
Yaqi Wang,Yaqi,wang.yaq@husky.neu.edu
Junhong Lu,Daisy,lu.junh@husky.neu.edu
Yishu Xu,Yishu,xu.yis@husky.neu.edu
Hao Liu,Levy,liu.hao6@husky.neu.edu
Liming Teng,Liming,teng.l@husky.neu.edu
Charusmitha V Deshpande,Charu,deshpande.c@husky.neu.edu
Zihao Lin,Klaus,"lin.ziha@husky.neu,edu"
Yizhi Liang,Yizhi,liang.yiz@husky.neu.edu
Yiwei Chen,Gavin,chen.yiwei@husky.neu.edu
Dingfan Ni,Dingfan,ni.d@husky.neu.edu
Vineet Kaur Bagga,Vinee,bagga.v@husky.neu.edu
Kuangying Li,Lee,li.kua@husky.neu.edu
Sayali Walke,Sailee,walke.s@husky.neu.edu
Yikai Zhu,Ricky,zhu.yik@husky.neu.edu
Yuwei Chang,Yuwei,chang.yuwe@husky.neu.edu
Divya Amaravathy,Divya,divya.amaravathy@husky.neu.edu
Yanan Gao,Yanan,gao.yana@husky.neu.edu
Meng-Wei Hao,Victoria,hao.me@husky.neu.edu
Yang Wang,Yang,wang.yang5@husky.neu.edu
Xinyu Xie,Xie,xie.xinyu@husky.neu.edu
LINGZHI FAN,Rexus(ric),fan.ling@husky.neu.edu
Yafei Sun,Yafei,sun.yaf@husky.neu.edu
Mihir Salunke,Mihir,salunke.mi@husky.neu.edu
Xinrui Wang,Xinrui,wang.xinru@husky.neu.edu
Yuanqing Li,Ching,li.yuanq@husky.neu.edu
Jin Yang,Jin,yang.jin1@husky.neu.edu
Pengtong Du,Du,du.pen@husky.neu.edu
Jose Guerrero,Jose,guerrero.jo @husky.neu.edu
Tong Du,Tong,du.to@huskey.neu.edu
Guangyuan Zhao,Guangyuan,zhao.gua@husky.neu.edu
Xiaoxi Wang,Xiaoxi,wang.xiaoxi1@husky.neu.edu
Shujin Li,Sookie,li.shuji@husky.neu.edu
Jinran Tian,Terry,tian.jinr@husky.neu.edu
Jiacheng Hu,Barry,hu.jiac@husky.neu.edu
Jiarui Liu,,liu.jiar@husky.neu.edu
Zhuoshu Yang,Allen,yang.zhuos@husky.neu.edu
Yanjing Ding,Daniel,ding.yanj@husky.neu.edu
